{"cameraMode":{"drawMode":0,"name":"Shaded","section":"Shading Mode"},"sceneLighting":true,"audioPlay":false,"sceneViewState":{"showFog":true,"showMaterialUpdate":false,"showSkybox":true,"showFlares":true,"showImageEffects":true,"showParticleSystems":true},"in2DMode":false,"pivot":{"x":1153.74658203125,"y":611.6864624023438,"z":-106.28544616699219},"rotation":{"x":0.0005703962524421513,"y":0.9993903636932373,"z":-0.019800040870904924,"w":0.02879134938120842},"size":754.0923461914063,"orthographic":false}